{
  "((2, 1, 1), 0)": {
    "(2, 1, 1)": 0.7961751250132992,
    "(1, 1, 1)": 0.18329077561442705,
    "(1, 0, 1)": 0.018938184913288646,
    "(1, 1, 2)": 0.0008112565166507076,
    "(0, 1, 1)": 0.0005984679221193744,
    "(1, 2, 1)": 0.00018619002021491647
  },
  "((2, 1, 1), 2)": {
    "(1, 1, 1)": 0.1551935305269869,
    "(2, 1, 1)": 0.8231297082361626,
    "(1, 0, 1)": 0.01870711205811788,
    "(1, 1, 2)": 0.0022817643407211045,
    "(0, 1, 1)": 0.0005704410851802761,
    "(1, 2, 1)": 0.00011744375283123333
  },
  "((1, 1, 1), 2)": {
    "(2, 1, 1)": 0.07033856543902026,
    "(1, 1, 1)": 0.8931390210603698,
    "(0, 1, 1)": 0.013854443519917277,
    "(1, 0, 1)": 0.01957394556778983,
    "(1, 1, 2)": 0.0030132404856729705,
    "(1, 2, 1)": 8.078392722983835e-05
  },
  "((1, 1, 1), 0)": {
    "(1, 1, 1)": 0.8936055771691167,
    "(2, 1, 1)": 0.07272252539230789,
    "(1, 0, 1)": 0.020272069766834645,
    "(1, 1, 2)": 0.0007937544061202642,
    "(0, 1, 1)": 0.012360636047938588,
    "(1, 2, 1)": 0.0002454372176819238
  },
  "((1, 0, 1), 0)": {
    "(1, 1, 1)": 0.6941176470588235,
    "(2, 1, 1)": 0.2528533801580334,
    "(0, 1, 1)": 0.027216856892010536,
    "(1, 0, 1)": 0.025812115891132574
  },
  "((1, 1, 1), 1)": {
    "(1, 1, 1)": 0.8989234449760766,
    "(2, 1, 1)": 0.06299840510366826,
    "(0, 1, 1)": 0.014354066985645933,
    "(1, 0, 1)": 0.020534290271132377,
    "(1, 1, 2)": 0.003189792663476874
  },
  "((1, 1, 2), 0)": {
    "(1, 1, 1)": 0.6851851851851852,
    "(2, 1, 1)": 0.27314814814814814,
    "(0, 1, 1)": 0.013888888888888888,
    "(1, 1, 2)": 0.027777777777777776
  },
  "((2, 1, 1), 1)": {
    "(1, 1, 1)": 0.15412329863891114,
    "(2, 1, 1)": 0.822658126501201,
    "(1, 0, 1)": 0.020016012810248198,
    "(1, 1, 2)": 0.0016012810248198558,
    "(0, 1, 1)": 0.0016012810248198558
  },
  "((1, 1, 1), 3)": {
    "(1, 1, 1)": 0.8893837092371786,
    "(2, 1, 1)": 0.07671311593161902,
    "(1, 0, 1)": 0.022985203275391466,
    "(0, 1, 1)": 0.009337738830627784,
    "(1, 1, 2)": 0.0014365752047119666,
    "(1, 2, 1)": 0.00014365752047119666
  },
  "((0, 1, 1), 0)": {
    "(1, 1, 1)": 0.3300681431005111,
    "(0, 1, 1)": 0.6431005110732538,
    "(1, 0, 1)": 0.022572402044293016,
    "(1, 1, 2)": 0.00042589437819420784,
    "(2, 1, 1)": 0.0038330494037478705
  },
  "((0, 1, 1), 2)": {
    "(0, 1, 1)": 0.6621932515337423,
    "(1, 1, 1)": 0.3065567484662577,
    "(1, 0, 1)": 0.02262269938650307,
    "(1, 1, 2)": 0.004026073619631902,
    "(2, 1, 1)": 0.004601226993865031
  },
  "((2, 1, 1), 3)": {
    "(2, 1, 1)": 0.8009113214160533,
    "(1, 1, 1)": 0.1784086926042762,
    "(1, 0, 1)": 0.017875920084121977,
    "(1, 1, 2)": 0.0028040658955485456
  },
  "((1, 0, 1), 2)": {
    "(1, 1, 1)": 0.6380859849404906,
    "(2, 1, 1)": 0.30434782608695654,
    "(0, 1, 1)": 0.02914743745445713,
    "(1, 0, 1)": 0.02769006558173427,
    "(1, 1, 2)": 0.0007286859363614282
  },
  "((0, 1, 1), 1)": {
    "(1, 1, 1)": 0.3140096618357488,
    "(0, 1, 1)": 0.6473429951690821,
    "(1, 0, 1)": 0.024154589371980676,
    "(1, 1, 2)": 0.004830917874396135,
    "(2, 1, 1)": 0.00966183574879227
  },
  "((1, 0, 1), 1)": {
    "(1, 1, 1)": 0.62,
    "(2, 1, 1)": 0.31,
    "(1, 0, 1)": 0.055,
    "(0, 1, 1)": 0.015
  },
  "((1, 0, 1), 3)": {
    "(1, 1, 1)": 0.7161572052401747,
    "(2, 1, 1)": 0.2314410480349345,
    "(0, 1, 1)": 0.017467248908296942,
    "(1, 0, 1)": 0.034934497816593885
  },
  "((1, 2, 1), 0)": {
    "(1, 1, 1)": 0.7413793103448276,
    "(2, 1, 1)": 0.2413793103448276,
    "(1, 0, 1)": 0.017241379310344827
  },
  "((0, 1, 1), 3)": {
    "(1, 1, 1)": 0.3412322274881517,
    "(0, 1, 1)": 0.6350710900473934,
    "(1, 0, 1)": 0.018957345971563982,
    "(2, 1, 1)": 0.004739336492890996
  },
  "((1, 1, 2), 2)": {
    "(1, 1, 1)": 0.6996402877697842,
    "(2, 1, 1)": 0.24100719424460432,
    "(0, 1, 1)": 0.025179856115107913,
    "(1, 0, 1)": 0.01079136690647482,
    "(1, 1, 2)": 0.023381294964028777
  },
  "((1, 1, 2), 1)": {
    "(1, 1, 1)": 0.6,
    "(2, 1, 1)": 0.32,
    "(1, 1, 2)": 0.04,
    "(0, 1, 1)": 0.04
  },
  "((1, 2, 1), 2)": {
    "(2, 1, 1)": 0.5405405405405406,
    "(1, 1, 1)": 0.43243243243243246,
    "(1, 2, 1)": 0.02702702702702703
  },
  "((1, 2, 1), 3)": {
    "(1, 1, 1)": 0.5,
    "(2, 1, 1)": 0.3333333333333333,
    "(1, 2, 1)": 0.16666666666666666
  },
  "((1, 1, 2), 3)": {
    "(1, 1, 1)": 0.7142857142857143,
    "(2, 1, 1)": 0.23809523809523808,
    "(1, 1, 2)": 0.047619047619047616
  }
}